"Name","Set code","Set name","Collector number","Foil","Rarity","Quantity","ManaBox ID","Scryfall ID"
"Lathril, Blade of the Elves","FDN","Foundations","242","foil","","1","",""
"Battle at the Bridge","aer","Aether Revolt","53","normal","","1","","74d8b644-4cca-451e-a46c-5237c13bf373"
"Royal Assassin","dmr","Dominaria Remastered","101","normal","","1","","67ef9842-7142-4c63-8aea-fa73f02722a5"
"Empty the Warrens","dmr","Dominaria Remastered","118","normal","","3","","939d765a-aefb-4393-8808-98b1bbd7e803"
"Lieutenant Kirtar","dmr","Dominaria Remastered","12","normal","","1","","475ba0c3-237e-4349-85e9-c31b016f609b"
"Grapeshot","dmr","Dominaria Remastered","125","normal","","1","","923e1291-3999-4f81-ade4-073fb982143f"
"Grim Lavamancer","dmr","Dominaria Remastered","126","normal","","2","","1ab6ffe8-e1ad-4db9-98f7-d6038f271866"
"Pashalik Mons","dmr","Dominaria Remastered","133","normal","","1","","ca20a650-65b0-4714-b7ce-0481af3db377"
"Shivan Dragon","dmr","Dominaria Remastered","135","normal","","1","","7b78eb49-bd68-47e6-90a3-83ec2eeb4312"
"Siege-Gang Commander","dmr","Dominaria Remastered","136","normal","","2","","5dd6a913-88df-4fbc-964e-a8fec3ad989f"
"Arboria","dmr","Dominaria Remastered","149","normal","","1","","b18f4de2-adfe-4784-bd57-9e2ad9088825"
"Crop Rotation","dmr","Dominaria Remastered","154","normal","","1","","523414cb-f8db-407a-808a-01454e03d8b9"
"Elvish Spirit Guide","dmr","Dominaria Remastered","157","normal","","1","","50aded92-f934-441f-8e48-d68d471e70d8"
"Jolrael, Mwonvuli Recluse","dmr","Dominaria Remastered","165","normal","","1","","65852aa0-98f4-4b38-89f1-96062677e590"
"Saproling Symbiosis","dmr","Dominaria Remastered","175","normal","","1","","64ae774a-c1de-4c9e-a2ec-86d71cb2d1db"
"Arcades Sabboth","dmr","Dominaria Remastered","187","normal","","1","","175695bb-2630-4269-a407-9138c7008e81"
"Decimate","dmr","Dominaria Remastered","188","foil","","1","","8931725a-8034-4ecc-ac44-3f09ded677d7"
"Pyre Zombie","dmr","Dominaria Remastered","194","normal","","1","","49c2db45-0ef7-45c8-ac65-eb785c173bd7"
"Rith, the Awakener","dmr","Dominaria Remastered","198","normal","","1","","e1a75961-39a3-4221-9367-a763cf871d42"
"Spinal Embrace","dmr","Dominaria Remastered","201","normal","","1","","cd12b2d6-3940-4d47-8c76-ae73b8a14b15"
"Xira Arien","dmr","Dominaria Remastered","205","normal","","1","","ce050d13-7897-4889-a514-a7617a1ed686"
"Jester's Cap","dmr","Dominaria Remastered","227","normal","","1","","b364e7e7-83e5-474b-9768-8b70a77e5ffa"
"Legacy Weapon","dmr","Dominaria Remastered","229","normal","","1","","afd35d5c-7f28-4842-85e8-692d6c391c3a"
"Triskelion","dmr","Dominaria Remastered","236","normal","","1","","3151a1d7-bf4a-4615-8bf1-37d1e406a708"
"Urza's Blueprints","dmr","Dominaria Remastered","238","normal","","1","","1fd2b6a7-b93a-42d3-b66a-a70b573fc58a"
"Clifftop Retreat","dmr","Dominaria Remastered","241","normal","","1","","7c5f775a-2eb3-4151-b21d-9fe62ae17f54"
"Hinterland Harbor","dmr","Dominaria Remastered","248","normal","","1","","da629db7-c200-43ed-8de2-a5859b639a6d"
"Sulfur Falls","dmr","Dominaria Remastered","258","normal","","1","","6d3e12e4-6122-41d8-8ffb-a883d02d3278"
"Glory","dmr","Dominaria Remastered","264","normal","","1","","60ada52e-073c-4775-a190-310d51569682"
"Lieutenant Kirtar","dmr","Dominaria Remastered","265","normal","","1","","7f40d25a-6966-4a5c-83d8-01d37a8379c6"
"Sevinne's Reclamation","dmr","Dominaria Remastered","27","normal","","1","","3b272b9a-9348-4eaa-8978-2fe549182c84"
"Arcanis the Omnipotent","dmr","Dominaria Remastered","280","normal","","1","","6a2c1c92-3da1-4f7e-a02c-831311115a5d"
"Frantic Search","dmr","Dominaria Remastered","285","normal","","1","","9ad4d49f-2505-43b7-b5fb-58bf1b8fcc71"
"High Tide","dmr","Dominaria Remastered","286","normal","","1","","b2f3e6df-33c0-4d0d-b382-58d00be2051a"
"Chain Lightning","dmr","Dominaria Remastered","316","normal","","2","","e4dfc299-0cf5-40ab-9f50-11408ff82282"
"Empty the Warrens","dmr","Dominaria Remastered","318","normal","","2","","fbd81c2e-9c0d-47b2-ba02-6f1dca1d96dc"
"Grim Lavamancer","dmr","Dominaria Remastered","324","normal","","1","","59035b53-e374-49f6-8b02-8b54f6df45d2"
"Pashalik Mons","dmr","Dominaria Remastered","328","normal","","1","","a62b7671-efde-40b2-9cb1-76339d614d29"
"Siege-Gang Commander","dmr","Dominaria Remastered","330","normal","","1","","16bea810-1566-4132-bfb3-611f9b6b3333"
"Jolrael, Mwonvuli Recluse","dmr","Dominaria Remastered","343","normal","","1","","3888c4cd-8cdf-442f-838c-dc1e4d696998"
"Kamahl, Fist of Krosa","dmr","Dominaria Remastered","344","normal","","1","","11ef4c48-978c-41f5-b347-230433326f7c"
"Gerrard's Verdict","dmr","Dominaria Remastered","358","foil","","1","","c4057a41-c8d1-40dd-ac38-abfe6564c8bc"
"Hunting Grounds","dmr","Dominaria Remastered","359","normal","","1","","21c0d5a1-1a2e-449f-a9b5-14bf2061529c"
"Rith, the Awakener","dmr","Dominaria Remastered","366","normal","","1","","1c0a3c92-826e-491a-8e80-7861e5b199c2"
"Legacy Weapon","dmr","Dominaria Remastered","383","normal","","1","","5e17f9e1-341f-4649-9e8a-728ef67f875c"
"Hinterland Harbor","dmr","Dominaria Remastered","396","normal","","1","","0678705f-708e-44ab-9e85-76df13bea694"
"Woodland Cemetery","dmr","Dominaria Remastered","401","normal","","1","","16761d3b-3507-47ee-acff-54b426164d89"
"Denizen of the Deep","dmr","Dominaria Remastered","417","foil","","1","","ccd2427a-9b63-4345-af20-46e2f530bab0"
"High Tide","dmr","Dominaria Remastered","419","normal","","1","","1f2400cc-987b-49de-8ac7-3d4b12c4200a"
"Radha, Heir to Keld","dmr","Dominaria Remastered","446","foil","","1","","6accaee3-8941-4409-bc1e-46a5b653d411"
"Lotus Blossom","dmr","Dominaria Remastered","451","normal","","1","","f45d36d0-7706-4e36-a5ed-d32c22c67eae"
"High Tide","dmr","Dominaria Remastered","54","normal","","3","","babd2248-5517-4b7b-a159-9a1f7b5583c8"
"Opposition","dmr","Dominaria Remastered","62","normal","","1","","ae14acde-8a5c-4f0e-8e68-b799a363b9f7"
"Snap","dmr","Dominaria Remastered","66","normal","","2","","f13406c6-f208-402a-94d3-a94a24f03563"
"Vexing Sphinx","dmr","Dominaria Remastered","73","normal","","1","","2c75f806-b900-403c-8de1-cc3173afc8f0"
"Body Snatcher","dmr","Dominaria Remastered","75","normal","","2","","2d7d83a8-3bad-40cf-991c-fc7f8e399c42"
"Chainer, Dementia Master","dmr","Dominaria Remastered","77","normal","","1","","c294695b-a096-441a-9034-91ca74763903"
"Dread Return","dmr","Dominaria Remastered","80","normal","","2","","4eb7707b-e779-4429-b741-5d3b842a50cb"
"Nantuko Shade","dmr","Dominaria Remastered","92","normal","","1","","fb4c5dd4-79dc-4bd2-8c18-897924a4a959"
"Nightscape Familiar","dmr","Dominaria Remastered","94","normal","","1","","4cf1918f-ad58-4f62-bd8c-649919de0e75"
"Goblin Chainwhirler","dom","Dominaria","129","normal","","3","","8bdb2883-3cfd-4fb0-9f99-6a57277f7fe4"
"Night's Whisper","ema","Eternal Masters","100","normal","","1","","e4638720-a55d-4c3b-b57d-2d028db5894d"
"Elvish Archdruid","fdn","Foundations","219","normal","","1","","341da856-7414-403b-b2e3-4bebd58a5aa4"
"Dismal Backwater","fdn","Foundations","261","foil","","1","","dbb0df36-8467-4a41-8e1c-6c3584d4fd10"
"Nine-Lives Familiar","fdn","Foundations","66","normal","","1","","988c23f6-59fe-49f9-a9ce-9881dccb7033"
"Professor Hojo","fic","Final Fantasy Commander","161","foil","","1","","1c43fe9e-7869-4f11-8fc1-b11caa8c3636"
"Jecht, Reluctant Guardian // Braska's Final Aeon","fin","Final Fantasy","104","normal","","1","","4ec91fe8-b3da-47fa-b45e-94b62a260aba"
"Overkill","fin","Final Fantasy","109","normal","","1","","ae075e71-d33d-4d6c-b4a5-0b47dd6fd196"
"Firion, Wild Rose Warrior","fin","Final Fantasy","137","normal","","1","","98366937-d15b-4a66-b9f6-878d50b63871"
"Ancient Adamantoise","fin","Final Fantasy","172","normal","","1","","4c139f30-5ecd-48fd-ae7c-ec2cc98889ff"
"Jenova, Ancient Calamity","fin","Final Fantasy","228","normal","","1","","534f98ee-7bc2-44d6-b49f-f57c051807d5"
"Tellah, Great Sage","fin","Final Fantasy","244","normal","","1","","a67793ef-ef80-4434-9c54-e3fd8a270bbe"
"Zidane, Tantalus Thief","fin","Final Fantasy","251","foil","","1","","e42c7d9d-8685-415b-8c5d-6ab2165863b9"
"Zanarkand, Ancient Metropolis // Lasting Fayth","fin","Final Fantasy","293","normal","","1","","881e4c00-3b9a-47a1-bf66-1badda994c88"
"Squall, SeeD Mercenary","fin","Final Fantasy","509","foil","","1","","fef02132-34e6-4f3a-ac60-af3221a782b3"
"Pia Nalaar","kld","Kaladesh","124","normal","","1","","6a2b2954-0734-4219-b6df-c6cc3dcd8d5a"
"Murderous Cut","ktk","Khans of Tarkir","81","normal","","1","","b2dadff2-883f-4134-a881-be145cdcbd84"
"Pyretic Ritual","m11","Magic 2011","153","normal","","1","","1e577638-a7ed-4bcc-90fb-0cffe87d5a28"
"Kaalia, Zenith Seeker","m20","Core Set 2020","210","normal","","1","","1f400655-f495-4b21-ab9e-57fe4d845d45"
"Slagstorm","mbs","Mirrodin Besieged","75","normal","","1","","9e318b03-2aad-462b-a2a9-8b6bdf0e93d6"
"Carth the Lion","mh2","Modern Horizons 2","189","normal","","1","","e09e9b65-ff0e-4efe-b96a-ede69c96e2ea"
"Sythis, Harvest's Hand","mh2","Modern Horizons 2","214","normal","","1","","0babfe00-9bad-48fc-b3b1-df8280242fd2"
"Break the Ice","mh2","Modern Horizons 2","77","normal","","2","","01ca9568-06b6-4c57-b1f6-8a74ec2a2b91"
"Curse of Shaken Faith","mid","Innistrad: Midnight Hunt","134","foil","","1","","371b7795-5cfc-4e2b-b26c-2def52c61dbf"
"Dina, Soul Steeper","mul","Multiverse Legends","37","normal","","1","","8d07b9f4-7a92-41ee-bdd8-2c8dbe247ac5"
"Enthusiastic Mechanaut","neo","Kamigawa: Neon Dynasty","509","foil","","1","","15a43b94-4425-47ab-9e9f-9287aa9a807e"
"Scab-Clan Berserker","ori","Magic Origins","160","normal","","2","","38d600b0-8649-424a-acad-879f3067b55e"
"Lightning Bolt","pf19","MagicFest 2019","1","normal","","4","","ff204024-20a5-4bb9-82b6-f6b4337efd60"
"Dig Through Time","plg21","Love Your LGS 2021","2","foil","","2","","9914fb69-ebe8-469a-953a-763d89deb810"
"Dina, Soul Steeper","plst","The List","STX-178","normal","","1","","056da29c-8ae8-4e37-93c7-2d367cb51900"
"Sphinx's Revelation","rtr","Return to Ravnica","200","normal","","1","","404d9413-ef57-4b6e-8584-48a1dc7fe6f1"
"Hoard Hauler","snc","Streets of New Capenna","109","normal","","1","","19f190e9-52f3-4e34-8fb6-88174c189ee7"
"Cling to Dust","thb","Theros Beyond Death","87","normal","","1","","52c2de5f-e486-4cfe-9fb6-be0078ce5f93"
"Dominating Vampire","vow","Innistrad: Crimson Vow","154","normal","","2","","4b11d234-c6e4-45b2-a3c2-dcacc77cc084"
"Angrath's Rampage","war","War of the Spark","185","normal","","1","","f5a39379-7313-463a-9a02-e5157b9557f4"